{"cameraMode":{"drawMode":0,"name":"Shaded","section":"Shading Mode"},"sceneLighting":false,"audioPlay":false,"sceneViewState":{"m_AlwaysRefresh":false,"showFog":true,"showSkybox":true,"showFlares":true,"showImageEffects":true,"showParticleSystems":true,"showVisualEffectGraphs":true,"m_FxEnabled":true},"in2DMode":false,"pivot":{"x":0.735832691192627,"y":0.6102854013442993,"z":-0.24704718589782716},"rotation":{"x":-0.004398990888148546,"y":0.9953030943870544,"z":-0.07960376143455506,"w":-0.05499586835503578},"size":1.3096721172332764,"orthographic":false}